{
  "best_feature_set": "full_engineered",
  "best_alpha": 0.0,
  "RMSE": 129.93099810723731,
  "MAE": 91.48559842423434,
  "MAPE_%": 4.656008433961247,
  "R2": 0.9437773597325889
}